{"stats":{"minecraft:used":{"minecraft:decorated_pot":1},"minecraft:picked_up":{"minecraft:decorated_pot":2,"minecraft:wheat_seeds":1,"minecraft:heart_pottery_sherd":1},"minecraft:mined":{"minecraft:short_grass":1,"minecraft:decorated_pot":2},"minecraft:custom":{"minecraft:open_barrel":1,"minecraft:time_since_rest":673,"minecraft:leave_game":2,"minecraft:play_time":3607,"minecraft:sprint_one_cm":12807,"minecraft:time_since_death":3607,"minecraft:walk_on_water_one_cm":189,"minecraft:walk_one_cm":10864,"minecraft:sleep_in_bed":1,"minecraft:interact_with_smoker":1,"minecraft:total_world_time":3607,"minecraft:walk_under_water_one_cm":226,"minecraft:swim_one_cm":1779,"minecraft:fall_one_cm":2475,"minecraft:fly_one_cm":10970,"minecraft:jump":51}},"DataVersion":3839}